,PST,Measured Qubits,Hop Count
0,0.59765625,"(4, 11, 17)",0
1,0.6240234375,"(4, 11, 17)",0
2,0.6220703125,"(4, 11, 17)",0
3,0.5927734375,"(4, 11, 17)",0
4,0.646484375,"(4, 11, 17)",0
5,0.6044921875,"(4, 11, 17)",0
6,0.6201171875,"(4, 11, 17)",0
7,0.626953125,"(4, 11, 17)",0
8,0.62890625,"(4, 11, 17)",0
9,0.6337890625,"(4, 11, 17)",0
10,0.6298828125,"(4, 11, 17)",0
11,0.607421875,"(4, 11, 17)",0
12,0.6181640625,"(4, 11, 17)",0
13,0.634765625,"(4, 11, 17)",0
14,0.6337890625,"(4, 11, 17)",0
15,0.6416015625,"(4, 11, 17)",0
16,0.640625,"(4, 11, 17)",0
17,0.6298828125,"(4, 11, 17)",0
18,0.6201171875,"(4, 11, 17)",0
19,0.6220703125,"(4, 11, 17)",0
20,0.6259765625,"(4, 11, 17)",0
21,0.626953125,"(4, 11, 17)",0
22,0.6025390625,"(4, 11, 17)",0
23,0.6435546875,"(4, 11, 17)",0
24,0.64453125,"(4, 11, 17)",0
25,0.6181640625,"(4, 11, 17)",0
26,0.6298828125,"(4, 11, 17)",0
27,0.6201171875,"(4, 11, 17)",0
28,0.6279296875,"(4, 11, 17)",0
29,0.60546875,"(4, 11, 17)",0
30,0.6201171875,"(4, 11, 17)",0
31,0.642578125,"(4, 11, 17)",0
32,0.6455078125,"(4, 11, 17)",0
33,0.625,"(4, 11, 17)",0
34,0.6279296875,"(4, 11, 17)",0
35,0.634765625,"(4, 11, 17)",0
36,0.6455078125,"(4, 11, 17)",0
37,0.6396484375,"(4, 11, 17)",0
38,0.63671875,"(4, 11, 17)",0
39,0.6064453125,"(4, 11, 17)",0
40,0.634765625,"(4, 11, 17)",0
41,0.6142578125,"(4, 11, 17)",0
42,0.6416015625,"(4, 11, 17)",0
43,0.630859375,"(4, 11, 17)",0
44,0.6220703125,"(4, 11, 17)",0
45,0.630859375,"(4, 11, 17)",0
46,0.6162109375,"(4, 11, 17)",0
47,0.625,"(4, 11, 17)",0
48,0.6357421875,"(4, 11, 17)",0
49,0.6259765625,"(4, 11, 17)",0
50,0.623046875,"(4, 11, 17)",0
51,0.630859375,"(4, 11, 17)",0
52,0.638671875,"(4, 11, 17)",0
53,0.62890625,"(4, 11, 17)",0
54,0.619140625,"(4, 11, 17)",0
55,0.6103515625,"(4, 11, 17)",0
56,0.6455078125,"(4, 11, 17)",0
57,0.6298828125,"(4, 11, 17)",0
58,0.607421875,"(4, 11, 17)",0
59,0.65625,"(4, 11, 17)",0
60,0.6279296875,"(4, 11, 17)",0
61,0.6494140625,"(4, 11, 17)",0
62,0.63671875,"(4, 11, 17)",0
63,0.6376953125,"(4, 11, 17)",0
64,0.642578125,"(4, 11, 17)",0
65,0.6298828125,"(4, 11, 17)",0
66,0.6455078125,"(4, 11, 17)",0
67,0.63671875,"(4, 11, 17)",0
68,0.62890625,"(4, 11, 17)",0
69,0.5888671875,"(4, 11, 17)",0
70,0.626953125,"(4, 11, 17)",0
71,0.630859375,"(4, 11, 17)",0
72,0.638671875,"(4, 11, 17)",0
73,0.6328125,"(4, 11, 17)",0
74,0.6279296875,"(4, 11, 17)",0
75,0.630859375,"(4, 11, 17)",0
76,0.630859375,"(4, 11, 17)",0
77,0.640625,"(4, 11, 17)",0
78,0.6259765625,"(4, 11, 17)",0
79,0.6181640625,"(4, 11, 17)",0
80,0.6630859375,"(4, 11, 17)",0
81,0.6171875,"(4, 11, 17)",0
82,0.6162109375,"(4, 11, 17)",0
83,0.607421875,"(4, 11, 17)",0
84,0.626953125,"(4, 11, 17)",0
85,0.650390625,"(4, 11, 17)",0
86,0.6201171875,"(4, 11, 17)",0
87,0.63671875,"(4, 11, 17)",0
88,0.607421875,"(4, 11, 17)",0
89,0.6220703125,"(4, 11, 17)",0
90,0.615234375,"(4, 11, 17)",0
91,0.59375,"(4, 11, 17)",0
92,0.6123046875,"(4, 11, 17)",0
93,0.615234375,"(4, 11, 17)",0
94,0.63671875,"(4, 11, 17)",0
95,0.642578125,"(4, 11, 17)",0
96,0.6240234375,"(4, 11, 17)",0
97,0.625,"(4, 11, 17)",0
98,0.6474609375,"(4, 11, 17)",0
99,0.6240234375,"(4, 11, 17)",0
0,0.5224609375,"(4, 11, 17)",1
1,0.5458984375,"(4, 11, 17)",1
2,0.53125,"(4, 11, 17)",1
3,0.5234375,"(4, 11, 17)",1
4,0.533203125,"(4, 11, 17)",1
5,0.505859375,"(4, 11, 17)",1
6,0.525390625,"(4, 11, 17)",1
7,0.5498046875,"(4, 11, 17)",1
8,0.541015625,"(4, 11, 17)",1
9,0.5576171875,"(4, 11, 17)",1
10,0.51171875,"(4, 11, 17)",1
11,0.552734375,"(4, 11, 17)",1
12,0.5,"(4, 11, 17)",1
13,0.52734375,"(4, 11, 17)",1
14,0.54296875,"(4, 11, 17)",1
15,0.515625,"(4, 11, 17)",1
16,0.5263671875,"(4, 11, 17)",1
17,0.5234375,"(4, 11, 17)",1
18,0.521484375,"(4, 11, 17)",1
19,0.5322265625,"(4, 11, 17)",1
20,0.5595703125,"(4, 11, 17)",1
21,0.509765625,"(4, 11, 17)",1
22,0.5478515625,"(4, 11, 17)",1
23,0.51171875,"(4, 11, 17)",1
24,0.54296875,"(4, 11, 17)",1
25,0.53125,"(4, 11, 17)",1
26,0.5498046875,"(4, 11, 17)",1
27,0.5400390625,"(4, 11, 17)",1
28,0.5546875,"(4, 11, 17)",1
29,0.494140625,"(4, 11, 17)",1
30,0.5244140625,"(4, 11, 17)",1
31,0.552734375,"(4, 11, 17)",1
32,0.5185546875,"(4, 11, 17)",1
33,0.515625,"(4, 11, 17)",1
34,0.5322265625,"(4, 11, 17)",1
35,0.5234375,"(4, 11, 17)",1
36,0.5361328125,"(4, 11, 17)",1
37,0.5546875,"(4, 11, 17)",1
38,0.5517578125,"(4, 11, 17)",1
39,0.537109375,"(4, 11, 17)",1
40,0.5419921875,"(4, 11, 17)",1
41,0.5205078125,"(4, 11, 17)",1
42,0.5400390625,"(4, 11, 17)",1
43,0.533203125,"(4, 11, 17)",1
44,0.5390625,"(4, 11, 17)",1
45,0.5302734375,"(4, 11, 17)",1
46,0.5419921875,"(4, 11, 17)",1
47,0.525390625,"(4, 11, 17)",1
48,0.5146484375,"(4, 11, 17)",1
49,0.5537109375,"(4, 11, 17)",1
50,0.529296875,"(4, 11, 17)",1
51,0.53125,"(4, 11, 17)",1
52,0.57421875,"(4, 11, 17)",1
53,0.5419921875,"(4, 11, 17)",1
54,0.501953125,"(4, 11, 17)",1
55,0.5322265625,"(4, 11, 17)",1
56,0.55078125,"(4, 11, 17)",1
57,0.5390625,"(4, 11, 17)",1
58,0.52734375,"(4, 11, 17)",1
59,0.5126953125,"(4, 11, 17)",1
60,0.5078125,"(4, 11, 17)",1
61,0.53125,"(4, 11, 17)",1
62,0.515625,"(4, 11, 17)",1
63,0.5498046875,"(4, 11, 17)",1
64,0.5390625,"(4, 11, 17)",1
65,0.51171875,"(4, 11, 17)",1
66,0.53515625,"(4, 11, 17)",1
67,0.5341796875,"(4, 11, 17)",1
68,0.5380859375,"(4, 11, 17)",1
69,0.5185546875,"(4, 11, 17)",1
70,0.533203125,"(4, 11, 17)",1
71,0.5400390625,"(4, 11, 17)",1
72,0.5107421875,"(4, 11, 17)",1
73,0.5390625,"(4, 11, 17)",1
74,0.5166015625,"(4, 11, 17)",1
75,0.537109375,"(4, 11, 17)",1
76,0.52734375,"(4, 11, 17)",1
77,0.525390625,"(4, 11, 17)",1
78,0.53125,"(4, 11, 17)",1
79,0.55078125,"(4, 11, 17)",1
80,0.5283203125,"(4, 11, 17)",1
81,0.52734375,"(4, 11, 17)",1
82,0.513671875,"(4, 11, 17)",1
83,0.533203125,"(4, 11, 17)",1
84,0.544921875,"(4, 11, 17)",1
85,0.509765625,"(4, 11, 17)",1
86,0.5673828125,"(4, 11, 17)",1
87,0.515625,"(4, 11, 17)",1
88,0.513671875,"(4, 11, 17)",1
89,0.537109375,"(4, 11, 17)",1
90,0.5478515625,"(4, 11, 17)",1
91,0.5537109375,"(4, 11, 17)",1
92,0.5263671875,"(4, 11, 17)",1
93,0.55859375,"(4, 11, 17)",1
94,0.5380859375,"(4, 11, 17)",1
95,0.54296875,"(4, 11, 17)",1
96,0.5087890625,"(4, 11, 17)",1
97,0.5224609375,"(4, 11, 17)",1
98,0.53125,"(4, 11, 17)",1
99,0.5478515625,"(4, 11, 17)",1
0,0.5927734375,"(4, 11, 17)",2
1,0.5888671875,"(4, 11, 17)",2
2,0.6171875,"(4, 11, 17)",2
3,0.62109375,"(4, 11, 17)",2
4,0.62890625,"(4, 11, 17)",2
5,0.6171875,"(4, 11, 17)",2
6,0.6005859375,"(4, 11, 17)",2
7,0.630859375,"(4, 11, 17)",2
8,0.5947265625,"(4, 11, 17)",2
9,0.6015625,"(4, 11, 17)",2
10,0.6025390625,"(4, 11, 17)",2
11,0.5947265625,"(4, 11, 17)",2
12,0.6162109375,"(4, 11, 17)",2
13,0.591796875,"(4, 11, 17)",2
14,0.607421875,"(4, 11, 17)",2
15,0.6328125,"(4, 11, 17)",2
16,0.595703125,"(4, 11, 17)",2
17,0.609375,"(4, 11, 17)",2
18,0.599609375,"(4, 11, 17)",2
19,0.6279296875,"(4, 11, 17)",2
20,0.619140625,"(4, 11, 17)",2
21,0.5986328125,"(4, 11, 17)",2
22,0.6171875,"(4, 11, 17)",2
23,0.6201171875,"(4, 11, 17)",2
24,0.583984375,"(4, 11, 17)",2
25,0.6318359375,"(4, 11, 17)",2
26,0.603515625,"(4, 11, 17)",2
27,0.6083984375,"(4, 11, 17)",2
28,0.619140625,"(4, 11, 17)",2
29,0.626953125,"(4, 11, 17)",2
30,0.5849609375,"(4, 11, 17)",2
31,0.6181640625,"(4, 11, 17)",2
32,0.599609375,"(4, 11, 17)",2
33,0.6015625,"(4, 11, 17)",2
34,0.6044921875,"(4, 11, 17)",2
35,0.611328125,"(4, 11, 17)",2
36,0.6298828125,"(4, 11, 17)",2
37,0.59765625,"(4, 11, 17)",2
38,0.5986328125,"(4, 11, 17)",2
39,0.58203125,"(4, 11, 17)",2
40,0.611328125,"(4, 11, 17)",2
41,0.6044921875,"(4, 11, 17)",2
42,0.5888671875,"(4, 11, 17)",2
43,0.6025390625,"(4, 11, 17)",2
44,0.60546875,"(4, 11, 17)",2
45,0.6025390625,"(4, 11, 17)",2
46,0.6435546875,"(4, 11, 17)",2
47,0.591796875,"(4, 11, 17)",2
48,0.62890625,"(4, 11, 17)",2
49,0.5654296875,"(4, 11, 17)",2
50,0.6103515625,"(4, 11, 17)",2
51,0.59765625,"(4, 11, 17)",2
52,0.6201171875,"(4, 11, 17)",2
53,0.5908203125,"(4, 11, 17)",2
54,0.59375,"(4, 11, 17)",2
55,0.5888671875,"(4, 11, 17)",2
56,0.6123046875,"(4, 11, 17)",2
57,0.583984375,"(4, 11, 17)",2
58,0.583984375,"(4, 11, 17)",2
59,0.6123046875,"(4, 11, 17)",2
60,0.59765625,"(4, 11, 17)",2
61,0.61328125,"(4, 11, 17)",2
62,0.6318359375,"(4, 11, 17)",2
63,0.587890625,"(4, 11, 17)",2
64,0.62109375,"(4, 11, 17)",2
65,0.5927734375,"(4, 11, 17)",2
66,0.6171875,"(4, 11, 17)",2
67,0.595703125,"(4, 11, 17)",2
68,0.6162109375,"(4, 11, 17)",2
69,0.61328125,"(4, 11, 17)",2
70,0.578125,"(4, 11, 17)",2
71,0.609375,"(4, 11, 17)",2
72,0.6298828125,"(4, 11, 17)",2
73,0.59765625,"(4, 11, 17)",2
74,0.5751953125,"(4, 11, 17)",2
75,0.6181640625,"(4, 11, 17)",2
76,0.6064453125,"(4, 11, 17)",2
77,0.6083984375,"(4, 11, 17)",2
78,0.6279296875,"(4, 11, 17)",2
79,0.6064453125,"(4, 11, 17)",2
80,0.615234375,"(4, 11, 17)",2
81,0.609375,"(4, 11, 17)",2
82,0.59375,"(4, 11, 17)",2
83,0.5859375,"(4, 11, 17)",2
84,0.5927734375,"(4, 11, 17)",2
85,0.603515625,"(4, 11, 17)",2
86,0.6005859375,"(4, 11, 17)",2
87,0.6083984375,"(4, 11, 17)",2
88,0.595703125,"(4, 11, 17)",2
89,0.6142578125,"(4, 11, 17)",2
90,0.603515625,"(4, 11, 17)",2
91,0.580078125,"(4, 11, 17)",2
92,0.6181640625,"(4, 11, 17)",2
93,0.5576171875,"(4, 11, 17)",2
94,0.6103515625,"(4, 11, 17)",2
95,0.62109375,"(4, 11, 17)",2
96,0.62109375,"(4, 11, 17)",2
97,0.6103515625,"(4, 11, 17)",2
98,0.5927734375,"(4, 11, 17)",2
99,0.6103515625,"(4, 11, 17)",2
0,0.609375,"(4, 11, 17)",3
1,0.5966796875,"(4, 11, 17)",3
2,0.6142578125,"(4, 11, 17)",3
3,0.619140625,"(4, 11, 17)",3
4,0.6220703125,"(4, 11, 17)",3
5,0.6337890625,"(4, 11, 17)",3
6,0.5810546875,"(4, 11, 17)",3
7,0.62890625,"(4, 11, 17)",3
8,0.6328125,"(4, 11, 17)",3
9,0.623046875,"(4, 11, 17)",3
10,0.6181640625,"(4, 11, 17)",3
11,0.6318359375,"(4, 11, 17)",3
12,0.6005859375,"(4, 11, 17)",3
13,0.63671875,"(4, 11, 17)",3
14,0.6025390625,"(4, 11, 17)",3
15,0.6103515625,"(4, 11, 17)",3
16,0.6337890625,"(4, 11, 17)",3
17,0.6259765625,"(4, 11, 17)",3
18,0.6171875,"(4, 11, 17)",3
19,0.63671875,"(4, 11, 17)",3
20,0.591796875,"(4, 11, 17)",3
21,0.63671875,"(4, 11, 17)",3
22,0.6083984375,"(4, 11, 17)",3
23,0.607421875,"(4, 11, 17)",3
24,0.6171875,"(4, 11, 17)",3
25,0.6171875,"(4, 11, 17)",3
26,0.6220703125,"(4, 11, 17)",3
27,0.630859375,"(4, 11, 17)",3
28,0.607421875,"(4, 11, 17)",3
29,0.625,"(4, 11, 17)",3
30,0.609375,"(4, 11, 17)",3
31,0.60546875,"(4, 11, 17)",3
32,0.611328125,"(4, 11, 17)",3
33,0.6484375,"(4, 11, 17)",3
34,0.603515625,"(4, 11, 17)",3
35,0.6220703125,"(4, 11, 17)",3
36,0.6015625,"(4, 11, 17)",3
37,0.5947265625,"(4, 11, 17)",3
38,0.6259765625,"(4, 11, 17)",3
39,0.599609375,"(4, 11, 17)",3
40,0.595703125,"(4, 11, 17)",3
41,0.6162109375,"(4, 11, 17)",3
42,0.5966796875,"(4, 11, 17)",3
43,0.6142578125,"(4, 11, 17)",3
44,0.623046875,"(4, 11, 17)",3
45,0.61328125,"(4, 11, 17)",3
46,0.611328125,"(4, 11, 17)",3
47,0.611328125,"(4, 11, 17)",3
48,0.6064453125,"(4, 11, 17)",3
49,0.619140625,"(4, 11, 17)",3
50,0.634765625,"(4, 11, 17)",3
51,0.62109375,"(4, 11, 17)",3
52,0.6005859375,"(4, 11, 17)",3
53,0.6103515625,"(4, 11, 17)",3
54,0.6201171875,"(4, 11, 17)",3
55,0.5947265625,"(4, 11, 17)",3
56,0.619140625,"(4, 11, 17)",3
57,0.6259765625,"(4, 11, 17)",3
58,0.62890625,"(4, 11, 17)",3
59,0.6015625,"(4, 11, 17)",3
60,0.630859375,"(4, 11, 17)",3
61,0.625,"(4, 11, 17)",3
62,0.626953125,"(4, 11, 17)",3
63,0.6142578125,"(4, 11, 17)",3
64,0.6064453125,"(4, 11, 17)",3
65,0.60546875,"(4, 11, 17)",3
66,0.595703125,"(4, 11, 17)",3
67,0.58984375,"(4, 11, 17)",3
68,0.6298828125,"(4, 11, 17)",3
69,0.62890625,"(4, 11, 17)",3
70,0.6240234375,"(4, 11, 17)",3
71,0.5908203125,"(4, 11, 17)",3
72,0.6416015625,"(4, 11, 17)",3
73,0.6142578125,"(4, 11, 17)",3
74,0.6083984375,"(4, 11, 17)",3
75,0.62890625,"(4, 11, 17)",3
76,0.5859375,"(4, 11, 17)",3
77,0.58984375,"(4, 11, 17)",3
78,0.6005859375,"(4, 11, 17)",3
79,0.6201171875,"(4, 11, 17)",3
80,0.6484375,"(4, 11, 17)",3
81,0.58203125,"(4, 11, 17)",3
82,0.591796875,"(4, 11, 17)",3
83,0.609375,"(4, 11, 17)",3
84,0.58984375,"(4, 11, 17)",3
85,0.6357421875,"(4, 11, 17)",3
86,0.62890625,"(4, 11, 17)",3
87,0.609375,"(4, 11, 17)",3
88,0.607421875,"(4, 11, 17)",3
89,0.6162109375,"(4, 11, 17)",3
90,0.6044921875,"(4, 11, 17)",3
91,0.634765625,"(4, 11, 17)",3
92,0.6298828125,"(4, 11, 17)",3
93,0.625,"(4, 11, 17)",3
94,0.625,"(4, 11, 17)",3
95,0.625,"(4, 11, 17)",3
96,0.6220703125,"(4, 11, 17)",3
97,0.6171875,"(4, 11, 17)",3
98,0.615234375,"(4, 11, 17)",3
99,0.6298828125,"(4, 11, 17)",3
0,0.689453125,"(19, 25, 33)",0
1,0.671875,"(19, 25, 33)",0
2,0.685546875,"(19, 25, 33)",0
3,0.689453125,"(19, 25, 33)",0
4,0.6806640625,"(19, 25, 33)",0
5,0.6962890625,"(19, 25, 33)",0
6,0.677734375,"(19, 25, 33)",0
7,0.658203125,"(19, 25, 33)",0
8,0.681640625,"(19, 25, 33)",0
9,0.673828125,"(19, 25, 33)",0
10,0.67578125,"(19, 25, 33)",0
11,0.6953125,"(19, 25, 33)",0
12,0.671875,"(19, 25, 33)",0
13,0.6689453125,"(19, 25, 33)",0
14,0.705078125,"(19, 25, 33)",0
15,0.662109375,"(19, 25, 33)",0
16,0.673828125,"(19, 25, 33)",0
17,0.6591796875,"(19, 25, 33)",0
18,0.671875,"(19, 25, 33)",0
19,0.6748046875,"(19, 25, 33)",0
20,0.6748046875,"(19, 25, 33)",0
21,0.66015625,"(19, 25, 33)",0
22,0.6787109375,"(19, 25, 33)",0
23,0.6796875,"(19, 25, 33)",0
24,0.67578125,"(19, 25, 33)",0
25,0.6943359375,"(19, 25, 33)",0
26,0.6826171875,"(19, 25, 33)",0
27,0.68359375,"(19, 25, 33)",0
28,0.6748046875,"(19, 25, 33)",0
29,0.6689453125,"(19, 25, 33)",0
30,0.669921875,"(19, 25, 33)",0
31,0.685546875,"(19, 25, 33)",0
32,0.63671875,"(19, 25, 33)",0
33,0.6748046875,"(19, 25, 33)",0
34,0.6767578125,"(19, 25, 33)",0
35,0.68359375,"(19, 25, 33)",0
36,0.669921875,"(19, 25, 33)",0
37,0.68359375,"(19, 25, 33)",0
38,0.68359375,"(19, 25, 33)",0
39,0.689453125,"(19, 25, 33)",0
40,0.6865234375,"(19, 25, 33)",0
41,0.6591796875,"(19, 25, 33)",0
42,0.6787109375,"(19, 25, 33)",0
43,0.7041015625,"(19, 25, 33)",0
44,0.6865234375,"(19, 25, 33)",0
45,0.6767578125,"(19, 25, 33)",0
46,0.685546875,"(19, 25, 33)",0
47,0.666015625,"(19, 25, 33)",0
48,0.6611328125,"(19, 25, 33)",0
49,0.6640625,"(19, 25, 33)",0
50,0.6796875,"(19, 25, 33)",0
51,0.6748046875,"(19, 25, 33)",0
52,0.6875,"(19, 25, 33)",0
53,0.67578125,"(19, 25, 33)",0
54,0.677734375,"(19, 25, 33)",0
55,0.6923828125,"(19, 25, 33)",0
56,0.671875,"(19, 25, 33)",0
57,0.66015625,"(19, 25, 33)",0
58,0.6865234375,"(19, 25, 33)",0
59,0.6884765625,"(19, 25, 33)",0
60,0.6650390625,"(19, 25, 33)",0
61,0.6484375,"(19, 25, 33)",0
62,0.6630859375,"(19, 25, 33)",0
63,0.6982421875,"(19, 25, 33)",0
64,0.66015625,"(19, 25, 33)",0
65,0.7099609375,"(19, 25, 33)",0
66,0.677734375,"(19, 25, 33)",0
67,0.6591796875,"(19, 25, 33)",0
68,0.6748046875,"(19, 25, 33)",0
69,0.66796875,"(19, 25, 33)",0
70,0.677734375,"(19, 25, 33)",0
71,0.677734375,"(19, 25, 33)",0
72,0.697265625,"(19, 25, 33)",0
73,0.693359375,"(19, 25, 33)",0
74,0.6865234375,"(19, 25, 33)",0
75,0.67578125,"(19, 25, 33)",0
76,0.6845703125,"(19, 25, 33)",0
77,0.6796875,"(19, 25, 33)",0
78,0.6650390625,"(19, 25, 33)",0
79,0.671875,"(19, 25, 33)",0
80,0.6796875,"(19, 25, 33)",0
81,0.7158203125,"(19, 25, 33)",0
82,0.6923828125,"(19, 25, 33)",0
83,0.6455078125,"(19, 25, 33)",0
84,0.6787109375,"(19, 25, 33)",0
85,0.669921875,"(19, 25, 33)",0
86,0.6904296875,"(19, 25, 33)",0
87,0.7099609375,"(19, 25, 33)",0
88,0.650390625,"(19, 25, 33)",0
89,0.662109375,"(19, 25, 33)",0
90,0.662109375,"(19, 25, 33)",0
91,0.6806640625,"(19, 25, 33)",0
92,0.66796875,"(19, 25, 33)",0
93,0.681640625,"(19, 25, 33)",0
94,0.7109375,"(19, 25, 33)",0
95,0.685546875,"(19, 25, 33)",0
96,0.6630859375,"(19, 25, 33)",0
97,0.701171875,"(19, 25, 33)",0
98,0.7060546875,"(19, 25, 33)",0
99,0.662109375,"(19, 25, 33)",0
0,0.5048828125,"(19, 25, 33)",1
1,0.4599609375,"(19, 25, 33)",1
2,0.455078125,"(19, 25, 33)",1
3,0.4716796875,"(19, 25, 33)",1
4,0.44140625,"(19, 25, 33)",1
5,0.4775390625,"(19, 25, 33)",1
6,0.478515625,"(19, 25, 33)",1
7,0.44140625,"(19, 25, 33)",1
8,0.4599609375,"(19, 25, 33)",1
9,0.4609375,"(19, 25, 33)",1
10,0.484375,"(19, 25, 33)",1
11,0.4697265625,"(19, 25, 33)",1
12,0.486328125,"(19, 25, 33)",1
13,0.474609375,"(19, 25, 33)",1
14,0.4697265625,"(19, 25, 33)",1
15,0.466796875,"(19, 25, 33)",1
16,0.4521484375,"(19, 25, 33)",1
17,0.4755859375,"(19, 25, 33)",1
18,0.4541015625,"(19, 25, 33)",1
19,0.4453125,"(19, 25, 33)",1
20,0.4521484375,"(19, 25, 33)",1
21,0.4697265625,"(19, 25, 33)",1
22,0.4697265625,"(19, 25, 33)",1
23,0.46875,"(19, 25, 33)",1
24,0.435546875,"(19, 25, 33)",1
25,0.48828125,"(19, 25, 33)",1
26,0.46484375,"(19, 25, 33)",1
27,0.48046875,"(19, 25, 33)",1
28,0.4716796875,"(19, 25, 33)",1
29,0.4384765625,"(19, 25, 33)",1
30,0.4775390625,"(19, 25, 33)",1
31,0.5078125,"(19, 25, 33)",1
32,0.4580078125,"(19, 25, 33)",1
33,0.4755859375,"(19, 25, 33)",1
34,0.453125,"(19, 25, 33)",1
35,0.4775390625,"(19, 25, 33)",1
36,0.4599609375,"(19, 25, 33)",1
37,0.4765625,"(19, 25, 33)",1
38,0.4990234375,"(19, 25, 33)",1
39,0.478515625,"(19, 25, 33)",1
40,0.5009765625,"(19, 25, 33)",1
41,0.4853515625,"(19, 25, 33)",1
42,0.4853515625,"(19, 25, 33)",1
43,0.455078125,"(19, 25, 33)",1
44,0.5078125,"(19, 25, 33)",1
45,0.4716796875,"(19, 25, 33)",1
46,0.44921875,"(19, 25, 33)",1
47,0.4501953125,"(19, 25, 33)",1
48,0.4599609375,"(19, 25, 33)",1
49,0.4736328125,"(19, 25, 33)",1
50,0.478515625,"(19, 25, 33)",1
51,0.4638671875,"(19, 25, 33)",1
52,0.45703125,"(19, 25, 33)",1
53,0.4765625,"(19, 25, 33)",1
54,0.4521484375,"(19, 25, 33)",1
55,0.4599609375,"(19, 25, 33)",1
56,0.4716796875,"(19, 25, 33)",1
57,0.462890625,"(19, 25, 33)",1
58,0.4365234375,"(19, 25, 33)",1
59,0.4736328125,"(19, 25, 33)",1
60,0.4697265625,"(19, 25, 33)",1
61,0.458984375,"(19, 25, 33)",1
62,0.455078125,"(19, 25, 33)",1
63,0.4921875,"(19, 25, 33)",1
64,0.4736328125,"(19, 25, 33)",1
65,0.462890625,"(19, 25, 33)",1
66,0.486328125,"(19, 25, 33)",1
67,0.474609375,"(19, 25, 33)",1
68,0.4755859375,"(19, 25, 33)",1
69,0.4599609375,"(19, 25, 33)",1
70,0.4755859375,"(19, 25, 33)",1
71,0.47265625,"(19, 25, 33)",1
72,0.478515625,"(19, 25, 33)",1
73,0.45703125,"(19, 25, 33)",1
74,0.4853515625,"(19, 25, 33)",1
75,0.451171875,"(19, 25, 33)",1
76,0.4501953125,"(19, 25, 33)",1
77,0.455078125,"(19, 25, 33)",1
78,0.46875,"(19, 25, 33)",1
79,0.4697265625,"(19, 25, 33)",1
80,0.4990234375,"(19, 25, 33)",1
81,0.47265625,"(19, 25, 33)",1
82,0.4736328125,"(19, 25, 33)",1
83,0.474609375,"(19, 25, 33)",1
84,0.4609375,"(19, 25, 33)",1
85,0.49609375,"(19, 25, 33)",1
86,0.4658203125,"(19, 25, 33)",1
87,0.466796875,"(19, 25, 33)",1
88,0.451171875,"(19, 25, 33)",1
89,0.4814453125,"(19, 25, 33)",1
90,0.4921875,"(19, 25, 33)",1
91,0.4638671875,"(19, 25, 33)",1
92,0.453125,"(19, 25, 33)",1
93,0.4638671875,"(19, 25, 33)",1
94,0.4560546875,"(19, 25, 33)",1
95,0.494140625,"(19, 25, 33)",1
96,0.4580078125,"(19, 25, 33)",1
97,0.46484375,"(19, 25, 33)",1
98,0.46484375,"(19, 25, 33)",1
99,0.4892578125,"(19, 25, 33)",1
0,0.642578125,"(19, 25, 33)",2
1,0.611328125,"(19, 25, 33)",2
2,0.609375,"(19, 25, 33)",2
3,0.62890625,"(19, 25, 33)",2
4,0.5830078125,"(19, 25, 33)",2
5,0.6220703125,"(19, 25, 33)",2
6,0.595703125,"(19, 25, 33)",2
7,0.6064453125,"(19, 25, 33)",2
8,0.5849609375,"(19, 25, 33)",2
9,0.5869140625,"(19, 25, 33)",2
10,0.595703125,"(19, 25, 33)",2
11,0.625,"(19, 25, 33)",2
12,0.62109375,"(19, 25, 33)",2
13,0.5859375,"(19, 25, 33)",2
14,0.5908203125,"(19, 25, 33)",2
15,0.6015625,"(19, 25, 33)",2
16,0.6240234375,"(19, 25, 33)",2
17,0.6064453125,"(19, 25, 33)",2
18,0.6240234375,"(19, 25, 33)",2
19,0.599609375,"(19, 25, 33)",2
20,0.5859375,"(19, 25, 33)",2
21,0.611328125,"(19, 25, 33)",2
22,0.62109375,"(19, 25, 33)",2
23,0.5927734375,"(19, 25, 33)",2
24,0.6044921875,"(19, 25, 33)",2
25,0.60546875,"(19, 25, 33)",2
26,0.6142578125,"(19, 25, 33)",2
27,0.615234375,"(19, 25, 33)",2
28,0.591796875,"(19, 25, 33)",2
29,0.6015625,"(19, 25, 33)",2
30,0.630859375,"(19, 25, 33)",2
31,0.626953125,"(19, 25, 33)",2
32,0.58984375,"(19, 25, 33)",2
33,0.5859375,"(19, 25, 33)",2
34,0.6328125,"(19, 25, 33)",2
35,0.5849609375,"(19, 25, 33)",2
36,0.6279296875,"(19, 25, 33)",2
37,0.626953125,"(19, 25, 33)",2
38,0.6171875,"(19, 25, 33)",2
39,0.6220703125,"(19, 25, 33)",2
40,0.5615234375,"(19, 25, 33)",2
41,0.61328125,"(19, 25, 33)",2
42,0.60546875,"(19, 25, 33)",2
43,0.59375,"(19, 25, 33)",2
44,0.6025390625,"(19, 25, 33)",2
45,0.61328125,"(19, 25, 33)",2
46,0.6181640625,"(19, 25, 33)",2
47,0.619140625,"(19, 25, 33)",2
48,0.6181640625,"(19, 25, 33)",2
49,0.603515625,"(19, 25, 33)",2
50,0.6220703125,"(19, 25, 33)",2
51,0.568359375,"(19, 25, 33)",2
52,0.5869140625,"(19, 25, 33)",2
53,0.6201171875,"(19, 25, 33)",2
54,0.61328125,"(19, 25, 33)",2
55,0.6103515625,"(19, 25, 33)",2
56,0.5927734375,"(19, 25, 33)",2
57,0.630859375,"(19, 25, 33)",2
58,0.595703125,"(19, 25, 33)",2
59,0.59765625,"(19, 25, 33)",2
60,0.6005859375,"(19, 25, 33)",2
61,0.611328125,"(19, 25, 33)",2
62,0.6064453125,"(19, 25, 33)",2
63,0.59765625,"(19, 25, 33)",2
64,0.58984375,"(19, 25, 33)",2
65,0.623046875,"(19, 25, 33)",2
66,0.611328125,"(19, 25, 33)",2
67,0.5859375,"(19, 25, 33)",2
68,0.60546875,"(19, 25, 33)",2
69,0.6171875,"(19, 25, 33)",2
70,0.583984375,"(19, 25, 33)",2
71,0.6123046875,"(19, 25, 33)",2
72,0.6015625,"(19, 25, 33)",2
73,0.587890625,"(19, 25, 33)",2
74,0.6171875,"(19, 25, 33)",2
75,0.6015625,"(19, 25, 33)",2
76,0.59765625,"(19, 25, 33)",2
77,0.6240234375,"(19, 25, 33)",2
78,0.580078125,"(19, 25, 33)",2
79,0.58984375,"(19, 25, 33)",2
80,0.6005859375,"(19, 25, 33)",2
81,0.6162109375,"(19, 25, 33)",2
82,0.619140625,"(19, 25, 33)",2
83,0.5986328125,"(19, 25, 33)",2
84,0.6181640625,"(19, 25, 33)",2
85,0.607421875,"(19, 25, 33)",2
86,0.5849609375,"(19, 25, 33)",2
87,0.6083984375,"(19, 25, 33)",2
88,0.6044921875,"(19, 25, 33)",2
89,0.609375,"(19, 25, 33)",2
90,0.626953125,"(19, 25, 33)",2
91,0.603515625,"(19, 25, 33)",2
92,0.59375,"(19, 25, 33)",2
93,0.6142578125,"(19, 25, 33)",2
94,0.583984375,"(19, 25, 33)",2
95,0.609375,"(19, 25, 33)",2
96,0.60546875,"(19, 25, 33)",2
97,0.5869140625,"(19, 25, 33)",2
98,0.6025390625,"(19, 25, 33)",2
99,0.5869140625,"(19, 25, 33)",2
0,0.4931640625,"(19, 25, 33)",3
1,0.4599609375,"(19, 25, 33)",3
2,0.486328125,"(19, 25, 33)",3
3,0.46484375,"(19, 25, 33)",3
4,0.498046875,"(19, 25, 33)",3
5,0.455078125,"(19, 25, 33)",3
6,0.435546875,"(19, 25, 33)",3
7,0.4462890625,"(19, 25, 33)",3
8,0.4912109375,"(19, 25, 33)",3
9,0.4140625,"(19, 25, 33)",3
10,0.4599609375,"(19, 25, 33)",3
11,0.4638671875,"(19, 25, 33)",3
12,0.4990234375,"(19, 25, 33)",3
13,0.4638671875,"(19, 25, 33)",3
14,0.48046875,"(19, 25, 33)",3
15,0.4375,"(19, 25, 33)",3
16,0.4736328125,"(19, 25, 33)",3
17,0.4677734375,"(19, 25, 33)",3
18,0.466796875,"(19, 25, 33)",3
19,0.4990234375,"(19, 25, 33)",3
20,0.44921875,"(19, 25, 33)",3
21,0.474609375,"(19, 25, 33)",3
22,0.4794921875,"(19, 25, 33)",3
23,0.4541015625,"(19, 25, 33)",3
24,0.490234375,"(19, 25, 33)",3
25,0.474609375,"(19, 25, 33)",3
26,0.466796875,"(19, 25, 33)",3
27,0.4609375,"(19, 25, 33)",3
28,0.455078125,"(19, 25, 33)",3
29,0.4755859375,"(19, 25, 33)",3
30,0.501953125,"(19, 25, 33)",3
31,0.4814453125,"(19, 25, 33)",3
32,0.46484375,"(19, 25, 33)",3
33,0.451171875,"(19, 25, 33)",3
34,0.4638671875,"(19, 25, 33)",3
35,0.466796875,"(19, 25, 33)",3
36,0.4658203125,"(19, 25, 33)",3
37,0.4853515625,"(19, 25, 33)",3
38,0.4892578125,"(19, 25, 33)",3
39,0.51171875,"(19, 25, 33)",3
40,0.4814453125,"(19, 25, 33)",3
41,0.4599609375,"(19, 25, 33)",3
42,0.470703125,"(19, 25, 33)",3
43,0.470703125,"(19, 25, 33)",3
44,0.4482421875,"(19, 25, 33)",3
45,0.4541015625,"(19, 25, 33)",3
46,0.4697265625,"(19, 25, 33)",3
47,0.462890625,"(19, 25, 33)",3
48,0.5029296875,"(19, 25, 33)",3
49,0.4482421875,"(19, 25, 33)",3
50,0.4853515625,"(19, 25, 33)",3
51,0.455078125,"(19, 25, 33)",3
52,0.4697265625,"(19, 25, 33)",3
53,0.4775390625,"(19, 25, 33)",3
54,0.4375,"(19, 25, 33)",3
55,0.4384765625,"(19, 25, 33)",3
56,0.4541015625,"(19, 25, 33)",3
57,0.490234375,"(19, 25, 33)",3
58,0.48046875,"(19, 25, 33)",3
59,0.4873046875,"(19, 25, 33)",3
60,0.5087890625,"(19, 25, 33)",3
61,0.474609375,"(19, 25, 33)",3
62,0.4658203125,"(19, 25, 33)",3
63,0.4638671875,"(19, 25, 33)",3
64,0.4404296875,"(19, 25, 33)",3
65,0.46875,"(19, 25, 33)",3
66,0.4716796875,"(19, 25, 33)",3
67,0.4775390625,"(19, 25, 33)",3
68,0.494140625,"(19, 25, 33)",3
69,0.478515625,"(19, 25, 33)",3
70,0.4736328125,"(19, 25, 33)",3
71,0.462890625,"(19, 25, 33)",3
72,0.4384765625,"(19, 25, 33)",3
73,0.4609375,"(19, 25, 33)",3
74,0.4580078125,"(19, 25, 33)",3
75,0.44921875,"(19, 25, 33)",3
76,0.4833984375,"(19, 25, 33)",3
77,0.48046875,"(19, 25, 33)",3
78,0.48046875,"(19, 25, 33)",3
79,0.4443359375,"(19, 25, 33)",3
80,0.455078125,"(19, 25, 33)",3
81,0.4814453125,"(19, 25, 33)",3
82,0.4755859375,"(19, 25, 33)",3
83,0.4990234375,"(19, 25, 33)",3
84,0.4931640625,"(19, 25, 33)",3
85,0.4833984375,"(19, 25, 33)",3
86,0.4765625,"(19, 25, 33)",3
87,0.484375,"(19, 25, 33)",3
88,0.48828125,"(19, 25, 33)",3
89,0.46875,"(19, 25, 33)",3
90,0.4365234375,"(19, 25, 33)",3
91,0.498046875,"(19, 25, 33)",3
92,0.4541015625,"(19, 25, 33)",3
93,0.4609375,"(19, 25, 33)",3
94,0.46875,"(19, 25, 33)",3
95,0.4794921875,"(19, 25, 33)",3
96,0.4765625,"(19, 25, 33)",3
97,0.49609375,"(19, 25, 33)",3
98,0.46484375,"(19, 25, 33)",3
99,0.5029296875,"(19, 25, 33)",3
0,0.4521484375,"(31, 39, 45)",0
1,0.4765625,"(31, 39, 45)",0
2,0.439453125,"(31, 39, 45)",0
3,0.4951171875,"(31, 39, 45)",0
4,0.4794921875,"(31, 39, 45)",0
5,0.478515625,"(31, 39, 45)",0
6,0.4677734375,"(31, 39, 45)",0
7,0.470703125,"(31, 39, 45)",0
8,0.4375,"(31, 39, 45)",0
9,0.470703125,"(31, 39, 45)",0
10,0.4619140625,"(31, 39, 45)",0
11,0.466796875,"(31, 39, 45)",0
12,0.4833984375,"(31, 39, 45)",0
13,0.4677734375,"(31, 39, 45)",0
14,0.4560546875,"(31, 39, 45)",0
15,0.4921875,"(31, 39, 45)",0
16,0.474609375,"(31, 39, 45)",0
17,0.4736328125,"(31, 39, 45)",0
18,0.4658203125,"(31, 39, 45)",0
19,0.45703125,"(31, 39, 45)",0
20,0.486328125,"(31, 39, 45)",0
21,0.4697265625,"(31, 39, 45)",0
22,0.482421875,"(31, 39, 45)",0
23,0.4755859375,"(31, 39, 45)",0
24,0.4482421875,"(31, 39, 45)",0
25,0.478515625,"(31, 39, 45)",0
26,0.4501953125,"(31, 39, 45)",0
27,0.4912109375,"(31, 39, 45)",0
28,0.4609375,"(31, 39, 45)",0
29,0.4658203125,"(31, 39, 45)",0
30,0.4501953125,"(31, 39, 45)",0
31,0.4833984375,"(31, 39, 45)",0
32,0.4765625,"(31, 39, 45)",0
33,0.4775390625,"(31, 39, 45)",0
34,0.46484375,"(31, 39, 45)",0
35,0.4677734375,"(31, 39, 45)",0
36,0.4755859375,"(31, 39, 45)",0
37,0.4619140625,"(31, 39, 45)",0
38,0.4716796875,"(31, 39, 45)",0
39,0.4677734375,"(31, 39, 45)",0
40,0.4794921875,"(31, 39, 45)",0
41,0.4716796875,"(31, 39, 45)",0
42,0.4794921875,"(31, 39, 45)",0
43,0.4697265625,"(31, 39, 45)",0
44,0.478515625,"(31, 39, 45)",0
45,0.4658203125,"(31, 39, 45)",0
46,0.45703125,"(31, 39, 45)",0
47,0.466796875,"(31, 39, 45)",0
48,0.474609375,"(31, 39, 45)",0
49,0.490234375,"(31, 39, 45)",0
50,0.4521484375,"(31, 39, 45)",0
51,0.44921875,"(31, 39, 45)",0
52,0.4521484375,"(31, 39, 45)",0
53,0.4658203125,"(31, 39, 45)",0
54,0.48828125,"(31, 39, 45)",0
55,0.4775390625,"(31, 39, 45)",0
56,0.48046875,"(31, 39, 45)",0
57,0.45703125,"(31, 39, 45)",0
58,0.4755859375,"(31, 39, 45)",0
59,0.4599609375,"(31, 39, 45)",0
60,0.4658203125,"(31, 39, 45)",0
61,0.4990234375,"(31, 39, 45)",0
62,0.470703125,"(31, 39, 45)",0
63,0.4658203125,"(31, 39, 45)",0
64,0.4609375,"(31, 39, 45)",0
65,0.462890625,"(31, 39, 45)",0
66,0.466796875,"(31, 39, 45)",0
67,0.4638671875,"(31, 39, 45)",0
68,0.466796875,"(31, 39, 45)",0
69,0.4443359375,"(31, 39, 45)",0
70,0.455078125,"(31, 39, 45)",0
71,0.443359375,"(31, 39, 45)",0
72,0.4599609375,"(31, 39, 45)",0
73,0.4599609375,"(31, 39, 45)",0
74,0.4521484375,"(31, 39, 45)",0
75,0.47265625,"(31, 39, 45)",0
76,0.44140625,"(31, 39, 45)",0
77,0.48828125,"(31, 39, 45)",0
78,0.4619140625,"(31, 39, 45)",0
79,0.4580078125,"(31, 39, 45)",0
80,0.470703125,"(31, 39, 45)",0
81,0.439453125,"(31, 39, 45)",0
82,0.4619140625,"(31, 39, 45)",0
83,0.4677734375,"(31, 39, 45)",0
84,0.44921875,"(31, 39, 45)",0
85,0.4697265625,"(31, 39, 45)",0
86,0.45703125,"(31, 39, 45)",0
87,0.45703125,"(31, 39, 45)",0
88,0.47265625,"(31, 39, 45)",0
89,0.462890625,"(31, 39, 45)",0
90,0.4931640625,"(31, 39, 45)",0
91,0.4736328125,"(31, 39, 45)",0
92,0.47265625,"(31, 39, 45)",0
93,0.4716796875,"(31, 39, 45)",0
94,0.5009765625,"(31, 39, 45)",0
95,0.4619140625,"(31, 39, 45)",0
96,0.4638671875,"(31, 39, 45)",0
97,0.4775390625,"(31, 39, 45)",0
98,0.4873046875,"(31, 39, 45)",0
99,0.4677734375,"(31, 39, 45)",0
0,0.4775390625,"(31, 39, 45)",1
1,0.4990234375,"(31, 39, 45)",1
2,0.4794921875,"(31, 39, 45)",1
3,0.521484375,"(31, 39, 45)",1
4,0.4931640625,"(31, 39, 45)",1
5,0.517578125,"(31, 39, 45)",1
6,0.515625,"(31, 39, 45)",1
7,0.5107421875,"(31, 39, 45)",1
8,0.48828125,"(31, 39, 45)",1
9,0.501953125,"(31, 39, 45)",1
10,0.509765625,"(31, 39, 45)",1
11,0.5029296875,"(31, 39, 45)",1
12,0.48046875,"(31, 39, 45)",1
13,0.501953125,"(31, 39, 45)",1
14,0.4814453125,"(31, 39, 45)",1
15,0.50390625,"(31, 39, 45)",1
16,0.509765625,"(31, 39, 45)",1
17,0.4970703125,"(31, 39, 45)",1
18,0.5185546875,"(31, 39, 45)",1
19,0.5078125,"(31, 39, 45)",1
20,0.51171875,"(31, 39, 45)",1
21,0.5029296875,"(31, 39, 45)",1
22,0.501953125,"(31, 39, 45)",1
23,0.4765625,"(31, 39, 45)",1
24,0.5126953125,"(31, 39, 45)",1
25,0.470703125,"(31, 39, 45)",1
26,0.50390625,"(31, 39, 45)",1
27,0.5107421875,"(31, 39, 45)",1
28,0.513671875,"(31, 39, 45)",1
29,0.4775390625,"(31, 39, 45)",1
30,0.5,"(31, 39, 45)",1
31,0.513671875,"(31, 39, 45)",1
32,0.5185546875,"(31, 39, 45)",1
33,0.5107421875,"(31, 39, 45)",1
34,0.5078125,"(31, 39, 45)",1
35,0.490234375,"(31, 39, 45)",1
36,0.5126953125,"(31, 39, 45)",1
37,0.5,"(31, 39, 45)",1
38,0.4951171875,"(31, 39, 45)",1
39,0.4951171875,"(31, 39, 45)",1
40,0.5087890625,"(31, 39, 45)",1
41,0.5009765625,"(31, 39, 45)",1
42,0.482421875,"(31, 39, 45)",1
43,0.494140625,"(31, 39, 45)",1
44,0.513671875,"(31, 39, 45)",1
45,0.513671875,"(31, 39, 45)",1
46,0.4833984375,"(31, 39, 45)",1
47,0.5107421875,"(31, 39, 45)",1
48,0.5048828125,"(31, 39, 45)",1
49,0.509765625,"(31, 39, 45)",1
50,0.5166015625,"(31, 39, 45)",1
51,0.5,"(31, 39, 45)",1
52,0.5126953125,"(31, 39, 45)",1
53,0.515625,"(31, 39, 45)",1
54,0.5166015625,"(31, 39, 45)",1
55,0.498046875,"(31, 39, 45)",1
56,0.4990234375,"(31, 39, 45)",1
57,0.51171875,"(31, 39, 45)",1
58,0.4921875,"(31, 39, 45)",1
59,0.4892578125,"(31, 39, 45)",1
60,0.498046875,"(31, 39, 45)",1
61,0.490234375,"(31, 39, 45)",1
62,0.4990234375,"(31, 39, 45)",1
63,0.513671875,"(31, 39, 45)",1
64,0.51953125,"(31, 39, 45)",1
65,0.513671875,"(31, 39, 45)",1
66,0.4931640625,"(31, 39, 45)",1
67,0.4833984375,"(31, 39, 45)",1
68,0.505859375,"(31, 39, 45)",1
69,0.5126953125,"(31, 39, 45)",1
70,0.52734375,"(31, 39, 45)",1
71,0.486328125,"(31, 39, 45)",1
72,0.5107421875,"(31, 39, 45)",1
73,0.4931640625,"(31, 39, 45)",1
74,0.50390625,"(31, 39, 45)",1
75,0.509765625,"(31, 39, 45)",1
76,0.4833984375,"(31, 39, 45)",1
77,0.509765625,"(31, 39, 45)",1
78,0.5,"(31, 39, 45)",1
79,0.4853515625,"(31, 39, 45)",1
80,0.4814453125,"(31, 39, 45)",1
81,0.498046875,"(31, 39, 45)",1
82,0.5048828125,"(31, 39, 45)",1
83,0.4892578125,"(31, 39, 45)",1
84,0.52734375,"(31, 39, 45)",1
85,0.5009765625,"(31, 39, 45)",1
86,0.4794921875,"(31, 39, 45)",1
87,0.484375,"(31, 39, 45)",1
88,0.5048828125,"(31, 39, 45)",1
89,0.5029296875,"(31, 39, 45)",1
90,0.509765625,"(31, 39, 45)",1
91,0.4814453125,"(31, 39, 45)",1
92,0.4912109375,"(31, 39, 45)",1
93,0.5068359375,"(31, 39, 45)",1
94,0.47265625,"(31, 39, 45)",1
95,0.505859375,"(31, 39, 45)",1
96,0.5,"(31, 39, 45)",1
97,0.5048828125,"(31, 39, 45)",1
98,0.5244140625,"(31, 39, 45)",1
99,0.5166015625,"(31, 39, 45)",1
0,0.568359375,"(31, 39, 45)",2
1,0.572265625,"(31, 39, 45)",2
2,0.5537109375,"(31, 39, 45)",2
3,0.564453125,"(31, 39, 45)",2
4,0.5810546875,"(31, 39, 45)",2
5,0.5703125,"(31, 39, 45)",2
6,0.5546875,"(31, 39, 45)",2
7,0.556640625,"(31, 39, 45)",2
8,0.564453125,"(31, 39, 45)",2
9,0.556640625,"(31, 39, 45)",2
10,0.546875,"(31, 39, 45)",2
11,0.57421875,"(31, 39, 45)",2
12,0.55859375,"(31, 39, 45)",2
13,0.5703125,"(31, 39, 45)",2
14,0.5703125,"(31, 39, 45)",2
15,0.548828125,"(31, 39, 45)",2
16,0.5458984375,"(31, 39, 45)",2
17,0.5673828125,"(31, 39, 45)",2
18,0.5634765625,"(31, 39, 45)",2
19,0.583984375,"(31, 39, 45)",2
20,0.587890625,"(31, 39, 45)",2
21,0.58203125,"(31, 39, 45)",2
22,0.5390625,"(31, 39, 45)",2
23,0.5771484375,"(31, 39, 45)",2
24,0.5576171875,"(31, 39, 45)",2
25,0.5771484375,"(31, 39, 45)",2
26,0.57421875,"(31, 39, 45)",2
27,0.580078125,"(31, 39, 45)",2
28,0.55859375,"(31, 39, 45)",2
29,0.5927734375,"(31, 39, 45)",2
30,0.54296875,"(31, 39, 45)",2
31,0.5986328125,"(31, 39, 45)",2
32,0.580078125,"(31, 39, 45)",2
33,0.5849609375,"(31, 39, 45)",2
34,0.5693359375,"(31, 39, 45)",2
35,0.5556640625,"(31, 39, 45)",2
36,0.5810546875,"(31, 39, 45)",2
37,0.568359375,"(31, 39, 45)",2
38,0.5693359375,"(31, 39, 45)",2
39,0.568359375,"(31, 39, 45)",2
40,0.5751953125,"(31, 39, 45)",2
41,0.5576171875,"(31, 39, 45)",2
42,0.5634765625,"(31, 39, 45)",2
43,0.595703125,"(31, 39, 45)",2
44,0.568359375,"(31, 39, 45)",2
45,0.5595703125,"(31, 39, 45)",2
46,0.55859375,"(31, 39, 45)",2
47,0.55078125,"(31, 39, 45)",2
48,0.5927734375,"(31, 39, 45)",2
49,0.59375,"(31, 39, 45)",2
50,0.5751953125,"(31, 39, 45)",2
51,0.578125,"(31, 39, 45)",2
52,0.5537109375,"(31, 39, 45)",2
53,0.5673828125,"(31, 39, 45)",2
54,0.55859375,"(31, 39, 45)",2
55,0.5810546875,"(31, 39, 45)",2
56,0.580078125,"(31, 39, 45)",2
57,0.5732421875,"(31, 39, 45)",2
58,0.5791015625,"(31, 39, 45)",2
59,0.57421875,"(31, 39, 45)",2
60,0.5595703125,"(31, 39, 45)",2
61,0.552734375,"(31, 39, 45)",2
62,0.5576171875,"(31, 39, 45)",2
63,0.560546875,"(31, 39, 45)",2
64,0.5625,"(31, 39, 45)",2
65,0.54296875,"(31, 39, 45)",2
66,0.5458984375,"(31, 39, 45)",2
67,0.5556640625,"(31, 39, 45)",2
68,0.5654296875,"(31, 39, 45)",2
69,0.5732421875,"(31, 39, 45)",2
70,0.5830078125,"(31, 39, 45)",2
71,0.5888671875,"(31, 39, 45)",2
72,0.580078125,"(31, 39, 45)",2
73,0.6025390625,"(31, 39, 45)",2
74,0.5888671875,"(31, 39, 45)",2
75,0.5810546875,"(31, 39, 45)",2
76,0.5712890625,"(31, 39, 45)",2
77,0.55078125,"(31, 39, 45)",2
78,0.576171875,"(31, 39, 45)",2
79,0.5771484375,"(31, 39, 45)",2
80,0.5419921875,"(31, 39, 45)",2
81,0.583984375,"(31, 39, 45)",2
82,0.62109375,"(31, 39, 45)",2
83,0.5615234375,"(31, 39, 45)",2
84,0.5771484375,"(31, 39, 45)",2
85,0.568359375,"(31, 39, 45)",2
86,0.5830078125,"(31, 39, 45)",2
87,0.560546875,"(31, 39, 45)",2
88,0.591796875,"(31, 39, 45)",2
89,0.5576171875,"(31, 39, 45)",2
90,0.5703125,"(31, 39, 45)",2
91,0.5703125,"(31, 39, 45)",2
92,0.587890625,"(31, 39, 45)",2
93,0.5537109375,"(31, 39, 45)",2
94,0.5615234375,"(31, 39, 45)",2
95,0.595703125,"(31, 39, 45)",2
96,0.576171875,"(31, 39, 45)",2
97,0.5478515625,"(31, 39, 45)",2
98,0.5751953125,"(31, 39, 45)",2
99,0.5751953125,"(31, 39, 45)",2
0,0.5048828125,"(31, 39, 45)",3
1,0.521484375,"(31, 39, 45)",3
2,0.48828125,"(31, 39, 45)",3
3,0.4931640625,"(31, 39, 45)",3
4,0.5322265625,"(31, 39, 45)",3
5,0.4931640625,"(31, 39, 45)",3
6,0.5078125,"(31, 39, 45)",3
7,0.4921875,"(31, 39, 45)",3
8,0.521484375,"(31, 39, 45)",3
9,0.4912109375,"(31, 39, 45)",3
10,0.517578125,"(31, 39, 45)",3
11,0.4912109375,"(31, 39, 45)",3
12,0.49609375,"(31, 39, 45)",3
13,0.4921875,"(31, 39, 45)",3
14,0.4921875,"(31, 39, 45)",3
15,0.515625,"(31, 39, 45)",3
16,0.5146484375,"(31, 39, 45)",3
17,0.474609375,"(31, 39, 45)",3
18,0.48046875,"(31, 39, 45)",3
19,0.470703125,"(31, 39, 45)",3
20,0.5087890625,"(31, 39, 45)",3
21,0.498046875,"(31, 39, 45)",3
22,0.5048828125,"(31, 39, 45)",3
23,0.5029296875,"(31, 39, 45)",3
24,0.5029296875,"(31, 39, 45)",3
25,0.4931640625,"(31, 39, 45)",3
26,0.4951171875,"(31, 39, 45)",3
27,0.478515625,"(31, 39, 45)",3
28,0.51171875,"(31, 39, 45)",3
29,0.50390625,"(31, 39, 45)",3
30,0.4716796875,"(31, 39, 45)",3
31,0.4814453125,"(31, 39, 45)",3
32,0.5029296875,"(31, 39, 45)",3
33,0.4619140625,"(31, 39, 45)",3
34,0.5263671875,"(31, 39, 45)",3
35,0.498046875,"(31, 39, 45)",3
36,0.517578125,"(31, 39, 45)",3
37,0.5166015625,"(31, 39, 45)",3
38,0.5263671875,"(31, 39, 45)",3
39,0.48828125,"(31, 39, 45)",3
40,0.490234375,"(31, 39, 45)",3
41,0.4658203125,"(31, 39, 45)",3
42,0.4853515625,"(31, 39, 45)",3
43,0.509765625,"(31, 39, 45)",3
44,0.5068359375,"(31, 39, 45)",3
45,0.458984375,"(31, 39, 45)",3
46,0.5078125,"(31, 39, 45)",3
47,0.501953125,"(31, 39, 45)",3
48,0.498046875,"(31, 39, 45)",3
49,0.4833984375,"(31, 39, 45)",3
50,0.4951171875,"(31, 39, 45)",3
51,0.4921875,"(31, 39, 45)",3
52,0.478515625,"(31, 39, 45)",3
53,0.52734375,"(31, 39, 45)",3
54,0.484375,"(31, 39, 45)",3
55,0.5,"(31, 39, 45)",3
56,0.513671875,"(31, 39, 45)",3
57,0.4853515625,"(31, 39, 45)",3
58,0.5068359375,"(31, 39, 45)",3
59,0.484375,"(31, 39, 45)",3
60,0.5263671875,"(31, 39, 45)",3
61,0.537109375,"(31, 39, 45)",3
62,0.4892578125,"(31, 39, 45)",3
63,0.5029296875,"(31, 39, 45)",3
64,0.4873046875,"(31, 39, 45)",3
65,0.4775390625,"(31, 39, 45)",3
66,0.5048828125,"(31, 39, 45)",3
67,0.5078125,"(31, 39, 45)",3
68,0.5126953125,"(31, 39, 45)",3
69,0.4814453125,"(31, 39, 45)",3
70,0.51171875,"(31, 39, 45)",3
71,0.484375,"(31, 39, 45)",3
72,0.48828125,"(31, 39, 45)",3
73,0.513671875,"(31, 39, 45)",3
74,0.4833984375,"(31, 39, 45)",3
75,0.5087890625,"(31, 39, 45)",3
76,0.5166015625,"(31, 39, 45)",3
77,0.51171875,"(31, 39, 45)",3
78,0.50390625,"(31, 39, 45)",3
79,0.48046875,"(31, 39, 45)",3
80,0.4970703125,"(31, 39, 45)",3
81,0.5185546875,"(31, 39, 45)",3
82,0.5185546875,"(31, 39, 45)",3
83,0.4775390625,"(31, 39, 45)",3
84,0.501953125,"(31, 39, 45)",3
85,0.5263671875,"(31, 39, 45)",3
86,0.4736328125,"(31, 39, 45)",3
87,0.4814453125,"(31, 39, 45)",3
88,0.4912109375,"(31, 39, 45)",3
89,0.498046875,"(31, 39, 45)",3
90,0.5009765625,"(31, 39, 45)",3
91,0.5068359375,"(31, 39, 45)",3
92,0.5283203125,"(31, 39, 45)",3
93,0.5380859375,"(31, 39, 45)",3
94,0.509765625,"(31, 39, 45)",3
95,0.474609375,"(31, 39, 45)",3
96,0.4951171875,"(31, 39, 45)",3
97,0.4873046875,"(31, 39, 45)",3
98,0.4794921875,"(31, 39, 45)",3
99,0.4833984375,"(31, 39, 45)",3
0,0.5673828125,"(47, 53, 60)",0
1,0.5361328125,"(47, 53, 60)",0
2,0.5732421875,"(47, 53, 60)",0
3,0.5791015625,"(47, 53, 60)",0
4,0.587890625,"(47, 53, 60)",0
5,0.5537109375,"(47, 53, 60)",0
6,0.5654296875,"(47, 53, 60)",0
7,0.5244140625,"(47, 53, 60)",0
8,0.53125,"(47, 53, 60)",0
9,0.5458984375,"(47, 53, 60)",0
10,0.5947265625,"(47, 53, 60)",0
11,0.560546875,"(47, 53, 60)",0
12,0.5751953125,"(47, 53, 60)",0
13,0.5537109375,"(47, 53, 60)",0
14,0.572265625,"(47, 53, 60)",0
15,0.5546875,"(47, 53, 60)",0
16,0.576171875,"(47, 53, 60)",0
17,0.546875,"(47, 53, 60)",0
18,0.560546875,"(47, 53, 60)",0
19,0.58203125,"(47, 53, 60)",0
20,0.546875,"(47, 53, 60)",0
21,0.5498046875,"(47, 53, 60)",0
22,0.5654296875,"(47, 53, 60)",0
23,0.5625,"(47, 53, 60)",0
24,0.53125,"(47, 53, 60)",0
25,0.5712890625,"(47, 53, 60)",0
26,0.55078125,"(47, 53, 60)",0
27,0.5712890625,"(47, 53, 60)",0
28,0.5673828125,"(47, 53, 60)",0
29,0.546875,"(47, 53, 60)",0
30,0.5419921875,"(47, 53, 60)",0
31,0.5595703125,"(47, 53, 60)",0
32,0.533203125,"(47, 53, 60)",0
33,0.5517578125,"(47, 53, 60)",0
34,0.5556640625,"(47, 53, 60)",0
35,0.546875,"(47, 53, 60)",0
36,0.5546875,"(47, 53, 60)",0
37,0.529296875,"(47, 53, 60)",0
38,0.5576171875,"(47, 53, 60)",0
39,0.58203125,"(47, 53, 60)",0
40,0.5615234375,"(47, 53, 60)",0
41,0.5234375,"(47, 53, 60)",0
42,0.5498046875,"(47, 53, 60)",0
43,0.5654296875,"(47, 53, 60)",0
44,0.5595703125,"(47, 53, 60)",0
45,0.5361328125,"(47, 53, 60)",0
46,0.5546875,"(47, 53, 60)",0
47,0.55078125,"(47, 53, 60)",0
48,0.541015625,"(47, 53, 60)",0
49,0.5732421875,"(47, 53, 60)",0
50,0.5244140625,"(47, 53, 60)",0
51,0.5341796875,"(47, 53, 60)",0
52,0.5263671875,"(47, 53, 60)",0
53,0.5751953125,"(47, 53, 60)",0
54,0.544921875,"(47, 53, 60)",0
55,0.583984375,"(47, 53, 60)",0
56,0.54296875,"(47, 53, 60)",0
57,0.5419921875,"(47, 53, 60)",0
58,0.5556640625,"(47, 53, 60)",0
59,0.564453125,"(47, 53, 60)",0
60,0.5517578125,"(47, 53, 60)",0
61,0.5673828125,"(47, 53, 60)",0
62,0.5390625,"(47, 53, 60)",0
63,0.5478515625,"(47, 53, 60)",0
64,0.5615234375,"(47, 53, 60)",0
65,0.5439453125,"(47, 53, 60)",0
66,0.552734375,"(47, 53, 60)",0
67,0.5400390625,"(47, 53, 60)",0
68,0.5517578125,"(47, 53, 60)",0
69,0.5673828125,"(47, 53, 60)",0
70,0.5654296875,"(47, 53, 60)",0
71,0.55078125,"(47, 53, 60)",0
72,0.5517578125,"(47, 53, 60)",0
73,0.54296875,"(47, 53, 60)",0
74,0.5673828125,"(47, 53, 60)",0
75,0.55859375,"(47, 53, 60)",0
76,0.544921875,"(47, 53, 60)",0
77,0.5625,"(47, 53, 60)",0
78,0.5517578125,"(47, 53, 60)",0
79,0.537109375,"(47, 53, 60)",0
80,0.560546875,"(47, 53, 60)",0
81,0.5537109375,"(47, 53, 60)",0
82,0.5810546875,"(47, 53, 60)",0
83,0.583984375,"(47, 53, 60)",0
84,0.546875,"(47, 53, 60)",0
85,0.5458984375,"(47, 53, 60)",0
86,0.5712890625,"(47, 53, 60)",0
87,0.548828125,"(47, 53, 60)",0
88,0.544921875,"(47, 53, 60)",0
89,0.5908203125,"(47, 53, 60)",0
90,0.568359375,"(47, 53, 60)",0
91,0.556640625,"(47, 53, 60)",0
92,0.5341796875,"(47, 53, 60)",0
93,0.5673828125,"(47, 53, 60)",0
94,0.5654296875,"(47, 53, 60)",0
95,0.5322265625,"(47, 53, 60)",0
96,0.5595703125,"(47, 53, 60)",0
97,0.564453125,"(47, 53, 60)",0
98,0.5537109375,"(47, 53, 60)",0
99,0.5283203125,"(47, 53, 60)",0
0,0.669921875,"(47, 53, 60)",1
1,0.685546875,"(47, 53, 60)",1
2,0.623046875,"(47, 53, 60)",1
3,0.6708984375,"(47, 53, 60)",1
4,0.6611328125,"(47, 53, 60)",1
5,0.6806640625,"(47, 53, 60)",1
6,0.6455078125,"(47, 53, 60)",1
7,0.6357421875,"(47, 53, 60)",1
8,0.66796875,"(47, 53, 60)",1
9,0.66796875,"(47, 53, 60)",1
10,0.6748046875,"(47, 53, 60)",1
11,0.6796875,"(47, 53, 60)",1
12,0.654296875,"(47, 53, 60)",1
13,0.6611328125,"(47, 53, 60)",1
14,0.6669921875,"(47, 53, 60)",1
15,0.6650390625,"(47, 53, 60)",1
16,0.693359375,"(47, 53, 60)",1
17,0.6845703125,"(47, 53, 60)",1
18,0.693359375,"(47, 53, 60)",1
19,0.6962890625,"(47, 53, 60)",1
20,0.65625,"(47, 53, 60)",1
21,0.6708984375,"(47, 53, 60)",1
22,0.673828125,"(47, 53, 60)",1
23,0.66796875,"(47, 53, 60)",1
24,0.6474609375,"(47, 53, 60)",1
25,0.6953125,"(47, 53, 60)",1
26,0.6826171875,"(47, 53, 60)",1
27,0.6923828125,"(47, 53, 60)",1
28,0.6572265625,"(47, 53, 60)",1
29,0.6640625,"(47, 53, 60)",1
30,0.642578125,"(47, 53, 60)",1
31,0.6806640625,"(47, 53, 60)",1
32,0.6845703125,"(47, 53, 60)",1
33,0.6748046875,"(47, 53, 60)",1
34,0.7099609375,"(47, 53, 60)",1
35,0.6591796875,"(47, 53, 60)",1
36,0.681640625,"(47, 53, 60)",1
37,0.6533203125,"(47, 53, 60)",1
38,0.6806640625,"(47, 53, 60)",1
39,0.6845703125,"(47, 53, 60)",1
40,0.669921875,"(47, 53, 60)",1
41,0.693359375,"(47, 53, 60)",1
42,0.6865234375,"(47, 53, 60)",1
43,0.6435546875,"(47, 53, 60)",1
44,0.671875,"(47, 53, 60)",1
45,0.6826171875,"(47, 53, 60)",1
46,0.677734375,"(47, 53, 60)",1
47,0.6484375,"(47, 53, 60)",1
48,0.66796875,"(47, 53, 60)",1
49,0.6787109375,"(47, 53, 60)",1
50,0.689453125,"(47, 53, 60)",1
51,0.65625,"(47, 53, 60)",1
52,0.6923828125,"(47, 53, 60)",1
53,0.66796875,"(47, 53, 60)",1
54,0.662109375,"(47, 53, 60)",1
55,0.685546875,"(47, 53, 60)",1
56,0.6806640625,"(47, 53, 60)",1
57,0.6533203125,"(47, 53, 60)",1
58,0.6572265625,"(47, 53, 60)",1
59,0.6748046875,"(47, 53, 60)",1
60,0.654296875,"(47, 53, 60)",1
61,0.6650390625,"(47, 53, 60)",1
62,0.6845703125,"(47, 53, 60)",1
63,0.689453125,"(47, 53, 60)",1
64,0.6875,"(47, 53, 60)",1
65,0.6748046875,"(47, 53, 60)",1
66,0.6630859375,"(47, 53, 60)",1
67,0.666015625,"(47, 53, 60)",1
68,0.6650390625,"(47, 53, 60)",1
69,0.662109375,"(47, 53, 60)",1
70,0.6767578125,"(47, 53, 60)",1
71,0.685546875,"(47, 53, 60)",1
72,0.6650390625,"(47, 53, 60)",1
73,0.6552734375,"(47, 53, 60)",1
74,0.677734375,"(47, 53, 60)",1
75,0.6669921875,"(47, 53, 60)",1
76,0.6787109375,"(47, 53, 60)",1
77,0.6787109375,"(47, 53, 60)",1
78,0.6787109375,"(47, 53, 60)",1
79,0.6650390625,"(47, 53, 60)",1
80,0.68359375,"(47, 53, 60)",1
81,0.67578125,"(47, 53, 60)",1
82,0.6435546875,"(47, 53, 60)",1
83,0.66796875,"(47, 53, 60)",1
84,0.67578125,"(47, 53, 60)",1
85,0.6640625,"(47, 53, 60)",1
86,0.6767578125,"(47, 53, 60)",1
87,0.6923828125,"(47, 53, 60)",1
88,0.6630859375,"(47, 53, 60)",1
89,0.6513671875,"(47, 53, 60)",1
90,0.6845703125,"(47, 53, 60)",1
91,0.658203125,"(47, 53, 60)",1
92,0.658203125,"(47, 53, 60)",1
93,0.6689453125,"(47, 53, 60)",1
94,0.6728515625,"(47, 53, 60)",1
95,0.673828125,"(47, 53, 60)",1
96,0.677734375,"(47, 53, 60)",1
97,0.6728515625,"(47, 53, 60)",1
98,0.6884765625,"(47, 53, 60)",1
99,0.6845703125,"(47, 53, 60)",1
0,0.474609375,"(47, 53, 60)",2
1,0.484375,"(47, 53, 60)",2
2,0.498046875,"(47, 53, 60)",2
3,0.4619140625,"(47, 53, 60)",2
4,0.4521484375,"(47, 53, 60)",2
5,0.486328125,"(47, 53, 60)",2
6,0.48046875,"(47, 53, 60)",2
7,0.4541015625,"(47, 53, 60)",2
8,0.4619140625,"(47, 53, 60)",2
9,0.4423828125,"(47, 53, 60)",2
10,0.482421875,"(47, 53, 60)",2
11,0.455078125,"(47, 53, 60)",2
12,0.466796875,"(47, 53, 60)",2
13,0.4453125,"(47, 53, 60)",2
14,0.458984375,"(47, 53, 60)",2
15,0.4599609375,"(47, 53, 60)",2
16,0.4482421875,"(47, 53, 60)",2
17,0.482421875,"(47, 53, 60)",2
18,0.49609375,"(47, 53, 60)",2
19,0.4765625,"(47, 53, 60)",2
20,0.4560546875,"(47, 53, 60)",2
21,0.4990234375,"(47, 53, 60)",2
22,0.474609375,"(47, 53, 60)",2
23,0.466796875,"(47, 53, 60)",2
24,0.4248046875,"(47, 53, 60)",2
25,0.4658203125,"(47, 53, 60)",2
26,0.4873046875,"(47, 53, 60)",2
27,0.482421875,"(47, 53, 60)",2
28,0.4833984375,"(47, 53, 60)",2
29,0.5048828125,"(47, 53, 60)",2
30,0.4794921875,"(47, 53, 60)",2
31,0.46875,"(47, 53, 60)",2
32,0.474609375,"(47, 53, 60)",2
33,0.49609375,"(47, 53, 60)",2
34,0.498046875,"(47, 53, 60)",2
35,0.4951171875,"(47, 53, 60)",2
36,0.4638671875,"(47, 53, 60)",2
37,0.4755859375,"(47, 53, 60)",2
38,0.4658203125,"(47, 53, 60)",2
39,0.4716796875,"(47, 53, 60)",2
40,0.466796875,"(47, 53, 60)",2
41,0.4892578125,"(47, 53, 60)",2
42,0.4599609375,"(47, 53, 60)",2
43,0.4541015625,"(47, 53, 60)",2
44,0.462890625,"(47, 53, 60)",2
45,0.4794921875,"(47, 53, 60)",2
46,0.478515625,"(47, 53, 60)",2
47,0.46875,"(47, 53, 60)",2
48,0.4609375,"(47, 53, 60)",2
49,0.4716796875,"(47, 53, 60)",2
50,0.4560546875,"(47, 53, 60)",2
51,0.4765625,"(47, 53, 60)",2
52,0.478515625,"(47, 53, 60)",2
53,0.4443359375,"(47, 53, 60)",2
54,0.484375,"(47, 53, 60)",2
55,0.4814453125,"(47, 53, 60)",2
56,0.462890625,"(47, 53, 60)",2
57,0.451171875,"(47, 53, 60)",2
58,0.458984375,"(47, 53, 60)",2
59,0.4921875,"(47, 53, 60)",2
60,0.47265625,"(47, 53, 60)",2
61,0.4814453125,"(47, 53, 60)",2
62,0.4677734375,"(47, 53, 60)",2
63,0.470703125,"(47, 53, 60)",2
64,0.4619140625,"(47, 53, 60)",2
65,0.4609375,"(47, 53, 60)",2
66,0.458984375,"(47, 53, 60)",2
67,0.4521484375,"(47, 53, 60)",2
68,0.4404296875,"(47, 53, 60)",2
69,0.5009765625,"(47, 53, 60)",2
70,0.4833984375,"(47, 53, 60)",2
71,0.4560546875,"(47, 53, 60)",2
72,0.4599609375,"(47, 53, 60)",2
73,0.478515625,"(47, 53, 60)",2
74,0.4873046875,"(47, 53, 60)",2
75,0.490234375,"(47, 53, 60)",2
76,0.4697265625,"(47, 53, 60)",2
77,0.46484375,"(47, 53, 60)",2
78,0.4892578125,"(47, 53, 60)",2
79,0.4404296875,"(47, 53, 60)",2
80,0.4638671875,"(47, 53, 60)",2
81,0.4404296875,"(47, 53, 60)",2
82,0.4736328125,"(47, 53, 60)",2
83,0.46875,"(47, 53, 60)",2
84,0.4912109375,"(47, 53, 60)",2
85,0.484375,"(47, 53, 60)",2
86,0.478515625,"(47, 53, 60)",2
87,0.4541015625,"(47, 53, 60)",2
88,0.4912109375,"(47, 53, 60)",2
89,0.4541015625,"(47, 53, 60)",2
90,0.4599609375,"(47, 53, 60)",2
91,0.466796875,"(47, 53, 60)",2
92,0.470703125,"(47, 53, 60)",2
93,0.462890625,"(47, 53, 60)",2
94,0.4541015625,"(47, 53, 60)",2
95,0.4482421875,"(47, 53, 60)",2
96,0.5,"(47, 53, 60)",2
97,0.46484375,"(47, 53, 60)",2
98,0.4716796875,"(47, 53, 60)",2
99,0.4892578125,"(47, 53, 60)",2
0,0.517578125,"(47, 53, 60)",3
1,0.50390625,"(47, 53, 60)",3
2,0.5146484375,"(47, 53, 60)",3
3,0.494140625,"(47, 53, 60)",3
4,0.5068359375,"(47, 53, 60)",3
5,0.513671875,"(47, 53, 60)",3
6,0.529296875,"(47, 53, 60)",3
7,0.50390625,"(47, 53, 60)",3
8,0.501953125,"(47, 53, 60)",3
9,0.52734375,"(47, 53, 60)",3
10,0.517578125,"(47, 53, 60)",3
11,0.50390625,"(47, 53, 60)",3
12,0.505859375,"(47, 53, 60)",3
13,0.5107421875,"(47, 53, 60)",3
14,0.513671875,"(47, 53, 60)",3
15,0.49609375,"(47, 53, 60)",3
16,0.5009765625,"(47, 53, 60)",3
17,0.517578125,"(47, 53, 60)",3
18,0.5244140625,"(47, 53, 60)",3
19,0.4970703125,"(47, 53, 60)",3
20,0.5166015625,"(47, 53, 60)",3
21,0.498046875,"(47, 53, 60)",3
22,0.5068359375,"(47, 53, 60)",3
23,0.5,"(47, 53, 60)",3
24,0.5166015625,"(47, 53, 60)",3
25,0.5185546875,"(47, 53, 60)",3
26,0.5400390625,"(47, 53, 60)",3
27,0.5322265625,"(47, 53, 60)",3
28,0.4892578125,"(47, 53, 60)",3
29,0.501953125,"(47, 53, 60)",3
30,0.5048828125,"(47, 53, 60)",3
31,0.505859375,"(47, 53, 60)",3
32,0.486328125,"(47, 53, 60)",3
33,0.501953125,"(47, 53, 60)",3
34,0.517578125,"(47, 53, 60)",3
35,0.505859375,"(47, 53, 60)",3
36,0.49609375,"(47, 53, 60)",3
37,0.5146484375,"(47, 53, 60)",3
38,0.4755859375,"(47, 53, 60)",3
39,0.5146484375,"(47, 53, 60)",3
40,0.494140625,"(47, 53, 60)",3
41,0.5205078125,"(47, 53, 60)",3
42,0.525390625,"(47, 53, 60)",3
43,0.4912109375,"(47, 53, 60)",3
44,0.5107421875,"(47, 53, 60)",3
45,0.4990234375,"(47, 53, 60)",3
46,0.5263671875,"(47, 53, 60)",3
47,0.521484375,"(47, 53, 60)",3
48,0.4931640625,"(47, 53, 60)",3
49,0.498046875,"(47, 53, 60)",3
50,0.5166015625,"(47, 53, 60)",3
51,0.5078125,"(47, 53, 60)",3
52,0.50390625,"(47, 53, 60)",3
53,0.525390625,"(47, 53, 60)",3
54,0.498046875,"(47, 53, 60)",3
55,0.5458984375,"(47, 53, 60)",3
56,0.517578125,"(47, 53, 60)",3
57,0.529296875,"(47, 53, 60)",3
58,0.5166015625,"(47, 53, 60)",3
59,0.521484375,"(47, 53, 60)",3
60,0.509765625,"(47, 53, 60)",3
61,0.5087890625,"(47, 53, 60)",3
62,0.515625,"(47, 53, 60)",3
63,0.50390625,"(47, 53, 60)",3
64,0.5146484375,"(47, 53, 60)",3
65,0.5283203125,"(47, 53, 60)",3
66,0.5390625,"(47, 53, 60)",3
67,0.5146484375,"(47, 53, 60)",3
68,0.5263671875,"(47, 53, 60)",3
69,0.4853515625,"(47, 53, 60)",3
70,0.521484375,"(47, 53, 60)",3
71,0.521484375,"(47, 53, 60)",3
72,0.490234375,"(47, 53, 60)",3
73,0.521484375,"(47, 53, 60)",3
74,0.5009765625,"(47, 53, 60)",3
75,0.529296875,"(47, 53, 60)",3
76,0.5078125,"(47, 53, 60)",3
77,0.5009765625,"(47, 53, 60)",3
78,0.4970703125,"(47, 53, 60)",3
79,0.5185546875,"(47, 53, 60)",3
80,0.50390625,"(47, 53, 60)",3
81,0.5,"(47, 53, 60)",3
82,0.5009765625,"(47, 53, 60)",3
83,0.509765625,"(47, 53, 60)",3
84,0.50390625,"(47, 53, 60)",3
85,0.4912109375,"(47, 53, 60)",3
86,0.5322265625,"(47, 53, 60)",3
87,0.5322265625,"(47, 53, 60)",3
88,0.4921875,"(47, 53, 60)",3
89,0.486328125,"(47, 53, 60)",3
90,0.52734375,"(47, 53, 60)",3
91,0.515625,"(47, 53, 60)",3
92,0.4912109375,"(47, 53, 60)",3
93,0.48046875,"(47, 53, 60)",3
94,0.5166015625,"(47, 53, 60)",3
95,0.5390625,"(47, 53, 60)",3
96,0.52734375,"(47, 53, 60)",3
97,0.4921875,"(47, 53, 60)",3
98,0.537109375,"(47, 53, 60)",3
99,0.5009765625,"(47, 53, 60)",3
